{"cameraMode":{"drawMode":0,"name":"Shaded","section":"Shading Mode"},"sceneLighting":true,"audioPlay":false,"sceneViewState":{"m_AlwaysRefresh":false,"showFog":true,"showSkybox":true,"showFlares":true,"showImageEffects":true,"showParticleSystems":true,"showVisualEffectGraphs":true,"m_FxEnabled":true},"in2DMode":false,"pivot":{"x":959.0283813476563,"y":676.70556640625,"z":13.931849479675293},"rotation":{"x":-0.003902468830347061,"y":-0.02704360894858837,"z":-0.000024343245968339033,"w":-0.999817430973053},"size":348.7251281738281,"orthographic":true}